"k","pooled_sensitivity","pooled_specificity"
5,0.413153228465977,0.395368720618459
